date,total_views,unique_visitors,last_updated
2026-03-01,2,2,2026-03-15 17:40:16 UTC
2026-03-02,1,1,2026-03-16 08:54:22 UTC
2026-03-03,33,5,2026-03-17 08:52:00 UTC
2026-03-04,122,4,2026-03-18 08:45:20 UTC
2026-03-05,1,1,2026-03-19 08:39:26 UTC
2026-03-06,3,2,2026-03-20 08:37:55 UTC
2026-03-07,0,0,2026-03-21 08:30:14 UTC
2026-03-08,0,0,2026-03-22 08:32:01 UTC
2026-03-09,0,0,2026-03-23 08:52:45 UTC
2026-03-10,2,2,2026-03-24 08:51:18 UTC
2026-03-11,3,3,2026-03-25 08:49:02 UTC
2026-03-12,1,1,2026-03-26 08:53:08 UTC
2026-03-13,1,1,2026-03-27 08:50:25 UTC
2026-03-14,0,0,2026-03-28 08:36:20 UTC
2026-03-15,19,2,2026-03-29 08:37:18 UTC
2026-03-16,1,1,2026-03-30 09:09:21 UTC
2026-03-17,3,2,2026-03-31 08:57:03 UTC
2026-03-18,2,2,2026-04-01 09:01:19 UTC
2026-03-19,5,5,2026-04-02 08:53:48 UTC
2026-03-20,2,2,2026-04-03 08:51:41 UTC
2026-03-21,0,0,2026-04-04 08:38:26 UTC
2026-03-22,6,2,2026-04-05 08:40:11 UTC
2026-03-23,5,2,2026-04-06 09:06:21 UTC
2026-03-24,10,4,2026-04-07 08:59:29 UTC
2026-03-25,3,2,2026-04-08 08:58:29 UTC
2026-03-26,1,1,2026-04-09 09:04:53 UTC
2026-03-27,1,1,2026-04-10 09:06:24 UTC
2026-03-28,0,0,2026-04-11 08:40:33 UTC
2026-03-29,2,1,2026-04-12 08:44:15 UTC
2026-03-30,2,2,2026-04-13 09:52:44 UTC
2026-03-31,1,1,2026-04-14 09:15:41 UTC
2026-04-01,3,3,2026-04-15 09:17:03 UTC
2026-04-02,2,1,2026-04-16 09:16:43 UTC
2026-04-03,2,1,2026-04-17 09:15:15 UTC
2026-04-04,0,0,2026-04-18 08:46:08 UTC
2026-04-05,9,2,2026-04-19 08:52:14 UTC
2026-04-06,0,0,2026-04-20 09:56:22 UTC
2026-04-07,4,4,2026-04-21 09:23:34 UTC
2026-04-08,3,2,2026-04-22 09:17:58 UTC
2026-04-09,3,3,2026-04-23 09:25:50 UTC
2026-04-10,5,5,2026-04-24 09:28:52 UTC
2026-04-11,0,0,2026-04-26 08:58:12 UTC
2026-04-12,0,0,2026-04-26 08:58:12 UTC
2026-04-13,10,4,2026-04-27 10:12:12 UTC
2026-04-14,3,3,2026-04-29 10:03:02 UTC
2026-04-15,2,2,2026-04-29 10:03:02 UTC
2026-04-16,8,6,2026-04-30 10:04:31 UTC
2026-04-17,6,5,2026-05-01 09:43:40 UTC
2026-04-18,0,0,2026-05-02 09:03:39 UTC
2026-04-19,1,1,2026-05-03 09:20:30 UTC
2026-04-20,2,2,2026-05-04 10:11:29 UTC
2026-04-21,2,1,2026-05-05 10:00:03 UTC
2026-04-22,6,5,2026-05-06 10:14:40 UTC
2026-04-23,5,3,2026-05-07 10:22:33 UTC
2026-04-24,6,1,2026-05-08 09:17:33 UTC
2026-04-25,0,0,2026-05-09 09:17:14 UTC
2026-04-26,1,1,2026-05-10 09:26:44 UTC
2026-04-27,0,0,2026-05-11 10:59:03 UTC
2026-04-28,0,0,2026-05-12 10:29:16 UTC
2026-04-29,1,1,2026-05-13 10:24:19 UTC
2026-04-30,0,0,2026-05-14 10:12:43 UTC
2026-05-01,1,1,2026-05-15 10:20:47 UTC
2026-05-02,1,1,2026-05-16 09:27:30 UTC
2026-05-03,1,1,2026-05-17 09:44:38 UTC
2026-05-04,1,1,2026-05-18 11:42:06 UTC
2026-05-05,1,1,2026-05-19 11:14:59 UTC
2026-05-06,3,3,2026-05-20 10:47:56 UTC
2026-05-07,3,3,2026-05-21 11:20:12 UTC
2026-05-08,0,0,2026-05-22 10:47:45 UTC
2026-05-09,0,0,2026-05-23 09:49:43 UTC
2026-05-10,2,2,2026-05-24 09:51:57 UTC
2026-05-11,30,4,2026-05-25 11:51:27 UTC
2026-05-12,0,0,2026-05-25 11:51:27 UTC
2026-05-13,0,0,2026-05-27 11:35:59 UTC
2026-05-14,1,1,2026-05-28 11:36:24 UTC
2026-05-15,0,0,2026-05-29 11:26:05 UTC
2026-05-16,1,1,2026-05-30 09:58:15 UTC
2026-05-17,0,0,2026-05-31 10:13:09 UTC
2026-05-18,2,2,2026-06-01 13:33:47 UTC
2026-05-19,1,1,2026-06-02 12:02:21 UTC
2026-05-20,10,2,2026-06-03 12:39:34 UTC
2026-05-21,2,1,2026-06-04 10:58:35 UTC
2026-05-22,0,0,2026-06-05 11:26:03 UTC
2026-05-23,0,0,2026-06-06 10:01:12 UTC
2026-05-24,0,0,2026-06-07 10:26:36 UTC
2026-05-25,3,2,2026-06-09 10:58:10 UTC
2026-05-26,2,2,2026-06-10 11:36:55 UTC
2026-05-27,5,5,2026-06-10 11:36:55 UTC
2026-05-28,6,5,2026-06-10 11:36:55 UTC
2026-05-29,0,0,2026-06-10 11:36:55 UTC
2026-05-30,0,0,2026-06-10 11:36:55 UTC
2026-05-31,0,0,2026-06-10 11:36:55 UTC
2026-06-01,2,2,2026-06-10 11:36:55 UTC
2026-06-02,1,1,2026-06-10 11:36:55 UTC
2026-06-03,3,3,2026-06-10 11:36:55 UTC
2026-06-04,2,2,2026-06-10 11:36:55 UTC
2026-06-05,1,1,2026-06-10 11:36:55 UTC
2026-06-06,5,2,2026-06-10 11:36:55 UTC
2026-06-07,0,0,2026-06-10 11:36:55 UTC
2026-06-08,2,2,2026-06-10 11:36:55 UTC
