date,total_clones,unique_cloners,last_updated
2026-03-01,1,1,2026-03-15 17:40:03 UTC
2026-03-02,0,0,2026-03-16 08:54:11 UTC
2026-03-03,59,26,2026-03-17 08:51:50 UTC
2026-03-04,148,70,2026-03-18 08:45:07 UTC
2026-03-05,27,7,2026-03-19 08:39:13 UTC
2026-03-06,63,2,2026-03-20 08:37:42 UTC
2026-03-07,28,3,2026-03-21 08:30:03 UTC
2026-03-08,9,8,2026-03-22 08:31:49 UTC
2026-03-09,24,4,2026-03-23 08:52:34 UTC
2026-03-10,4,3,2026-03-24 08:51:05 UTC
2026-03-11,4,3,2026-03-25 08:48:50 UTC
2026-03-12,6,4,2026-03-26 08:52:50 UTC
2026-03-13,3,2,2026-03-27 08:50:12 UTC
2026-03-14,3,2,2026-03-28 08:36:08 UTC
2026-03-15,20,8,2026-03-29 08:37:05 UTC
2026-03-16,16,7,2026-03-30 09:09:11 UTC
2026-03-17,24,11,2026-03-31 08:56:50 UTC
2026-03-18,27,5,2026-04-01 09:01:07 UTC
2026-03-19,14,5,2026-04-02 08:53:35 UTC
2026-03-20,27,15,2026-04-03 08:51:32 UTC
2026-03-21,16,7,2026-04-04 08:38:15 UTC
2026-03-22,20,7,2026-04-05 08:39:59 UTC
2026-03-23,20,8,2026-04-06 09:06:12 UTC
2026-03-24,12,8,2026-04-07 08:59:14 UTC
2026-03-25,2,1,2026-04-08 08:58:16 UTC
2026-03-26,13,9,2026-04-09 09:04:38 UTC
2026-03-27,29,14,2026-04-10 09:06:12 UTC
2026-03-28,22,11,2026-04-11 08:40:20 UTC
2026-03-29,25,16,2026-04-12 08:44:02 UTC
2026-03-30,21,12,2026-04-13 09:52:33 UTC
2026-03-31,16,11,2026-04-14 09:15:31 UTC
2026-04-01,22,11,2026-04-15 09:16:50 UTC
2026-04-02,19,10,2026-04-16 09:16:33 UTC
2026-04-03,16,9,2026-04-17 09:15:03 UTC
2026-04-04,16,9,2026-04-18 08:45:59 UTC
2026-04-05,24,14,2026-04-19 08:52:03 UTC
2026-04-06,20,10,2026-04-20 09:56:12 UTC
2026-04-07,13,5,2026-04-21 09:23:22 UTC
2026-04-08,13,9,2026-04-22 09:17:46 UTC
2026-04-09,30,14,2026-04-23 09:25:37 UTC
2026-04-10,42,15,2026-04-24 09:28:39 UTC
2026-04-11,36,17,2026-04-26 08:58:03 UTC
2026-04-12,32,17,2026-04-26 08:58:03 UTC
2026-04-13,6,4,2026-04-27 10:12:00 UTC
2026-04-14,16,6,2026-04-29 10:02:45 UTC
2026-04-15,21,8,2026-04-29 10:02:45 UTC
2026-04-16,39,15,2026-04-30 10:04:14 UTC
2026-04-17,30,11,2026-05-01 09:43:28 UTC
2026-04-18,27,12,2026-05-02 09:03:30 UTC
2026-04-19,23,10,2026-05-03 09:20:15 UTC
2026-04-20,27,13,2026-05-04 10:11:08 UTC
2026-04-21,36,13,2026-05-05 09:59:51 UTC
2026-04-22,50,15,2026-05-06 10:14:21 UTC
2026-04-23,106,38,2026-05-07 10:22:14 UTC
2026-04-24,58,28,2026-05-08 09:17:21 UTC
2026-04-25,61,36,2026-05-09 09:17:03 UTC
2026-04-26,36,16,2026-05-10 09:26:32 UTC
2026-04-27,38,12,2026-05-11 10:58:49 UTC
2026-04-28,22,9,2026-05-12 10:29:02 UTC
2026-04-29,32,11,2026-05-13 10:24:01 UTC
2026-04-30,37,12,2026-05-14 10:12:33 UTC
2026-05-01,57,19,2026-05-15 10:20:35 UTC
2026-05-02,38,15,2026-05-16 09:27:20 UTC
2026-05-03,24,8,2026-05-17 09:44:25 UTC
2026-05-04,26,9,2026-05-18 11:41:52 UTC
2026-05-05,47,15,2026-05-19 11:14:46 UTC
2026-05-06,38,14,2026-05-20 10:47:44 UTC
2026-05-07,17,11,2026-05-21 11:19:58 UTC
2026-05-08,22,10,2026-05-22 10:47:32 UTC
2026-05-09,29,15,2026-05-23 09:49:32 UTC
2026-05-10,22,11,2026-05-24 09:51:46 UTC
2026-05-11,9,5,2026-05-25 11:51:14 UTC
2026-05-12,25,14,2026-05-25 11:51:14 UTC
2026-05-13,17,7,2026-05-27 11:35:44 UTC
2026-05-14,18,7,2026-05-28 11:36:10 UTC
2026-05-15,9,5,2026-05-29 11:25:52 UTC
2026-05-16,20,10,2026-05-30 09:58:01 UTC
2026-05-17,24,14,2026-05-31 10:12:59 UTC
2026-05-18,12,11,2026-06-01 13:33:17 UTC
2026-05-19,9,7,2026-06-02 12:02:04 UTC
2026-05-20,16,8,2026-06-03 12:39:19 UTC
2026-05-21,20,10,2026-06-04 10:58:23 UTC
2026-05-22,11,7,2026-06-05 11:25:50 UTC
2026-05-23,12,5,2026-06-06 10:01:00 UTC
2026-05-24,24,14,2026-06-07 10:26:23 UTC
2026-05-25,33,13,2026-06-09 10:57:55 UTC
2026-05-26,5,2,2026-06-09 10:57:55 UTC
2026-05-27,9,6,2026-06-09 10:57:55 UTC
2026-05-28,20,11,2026-06-09 10:57:55 UTC
2026-05-29,31,14,2026-06-09 10:57:55 UTC
2026-05-30,28,13,2026-06-09 10:57:55 UTC
2026-05-31,28,13,2026-06-09 10:57:55 UTC
2026-06-01,21,8,2026-06-09 10:57:55 UTC
2026-06-02,21,9,2026-06-09 10:57:55 UTC
2026-06-03,16,5,2026-06-09 10:57:55 UTC
2026-06-04,12,5,2026-06-09 10:57:55 UTC
2026-06-05,30,13,2026-06-09 10:57:55 UTC
2026-06-06,4,3,2026-06-09 10:57:55 UTC
2026-06-07,27,12,2026-06-09 10:57:55 UTC
