date,total_views,unique_visitors,last_updated
2026-03-01,2,2,2026-03-15 17:40:16 UTC
2026-03-02,1,1,2026-03-16 08:54:22 UTC
2026-03-03,33,5,2026-03-17 08:52:00 UTC
2026-03-04,122,4,2026-03-18 08:45:20 UTC
2026-03-05,1,1,2026-03-19 08:39:26 UTC
2026-03-06,3,2,2026-03-20 08:37:55 UTC
2026-03-07,0,0,2026-03-21 08:30:14 UTC
2026-03-08,0,0,2026-03-22 08:32:01 UTC
2026-03-09,0,0,2026-03-23 08:52:45 UTC
2026-03-10,2,2,2026-03-23 08:52:45 UTC
2026-03-11,3,3,2026-03-23 08:52:45 UTC
2026-03-12,1,1,2026-03-23 08:52:45 UTC
2026-03-13,1,1,2026-03-23 08:52:45 UTC
2026-03-14,0,0,2026-03-23 08:52:45 UTC
2026-03-15,19,2,2026-03-23 08:52:45 UTC
2026-03-16,1,1,2026-03-23 08:52:45 UTC
2026-03-17,3,2,2026-03-23 08:52:45 UTC
2026-03-18,2,2,2026-03-23 08:52:45 UTC
2026-03-19,5,5,2026-03-23 08:52:45 UTC
2026-03-20,2,2,2026-03-23 08:52:45 UTC
2026-03-21,0,0,2026-03-23 08:52:45 UTC
2026-03-22,6,2,2026-03-23 08:52:45 UTC
