date,total_clones_14d,unique_cloners_14d,last_updated
2026-03-15,379,113,2026-03-15 17:40:03 UTC
2026-03-16,398,114,2026-03-16 08:54:11 UTC
2026-03-17,414,119,2026-03-17 08:51:50 UTC
2026-03-18,379,104,2026-03-18 08:45:07 UTC
2026-03-19,258,40,2026-03-19 08:39:13 UTC
2026-03-20,245,39,2026-03-20 08:37:42 UTC
2026-03-21,209,50,2026-03-21 08:30:03 UTC
2026-03-22,197,56,2026-03-22 08:31:50 UTC
2026-03-23,208,55,2026-03-23 08:52:34 UTC
2026-03-24,204,61,2026-03-24 08:51:05 UTC
2026-03-25,212,66,2026-03-25 08:48:50 UTC
2026-03-26,210,65,2026-03-26 08:52:51 UTC
2026-03-27,217,71,2026-03-27 08:50:12 UTC
2026-03-28,243,82,2026-03-28 08:36:08 UTC
2026-03-29,262,88,2026-03-29 08:37:05 UTC
2026-03-30,267,97,2026-03-30 09:09:11 UTC
2026-03-31,272,101,2026-03-31 08:56:50 UTC
2026-04-01,264,104,2026-04-01 09:01:07 UTC
2026-04-02,259,110,2026-04-02 08:53:35 UTC
2026-04-03,264,114,2026-04-03 08:51:32 UTC
2026-04-04,253,109,2026-04-04 08:38:15 UTC
2026-04-05,253,110,2026-04-05 08:40:00 UTC
2026-04-06,257,116,2026-04-06 09:06:12 UTC
2026-04-07,257,118,2026-04-07 08:59:14 UTC
2026-04-08,258,114,2026-04-08 08:58:16 UTC
2026-04-09,269,121,2026-04-09 09:04:38 UTC
2026-04-10,286,124,2026-04-10 09:06:12 UTC
2026-04-11,299,126,2026-04-11 08:40:21 UTC
2026-04-12,313,134,2026-04-12 08:44:02 UTC
2026-04-13,320,135,2026-04-13 09:52:33 UTC
2026-04-14,305,129,2026-04-14 09:15:31 UTC
2026-04-15,305,124,2026-04-15 09:16:50 UTC
2026-04-16,304,121,2026-04-16 09:16:33 UTC
2026-04-17,324,127,2026-04-17 09:15:04 UTC
2026-04-18,338,129,2026-04-18 08:45:59 UTC
2026-04-19,349,131,2026-04-19 08:52:03 UTC
2026-04-20,348,128,2026-04-20 09:56:12 UTC
2026-04-21,355,132,2026-04-21 09:23:22 UTC
2026-04-22,378,140,2026-04-22 09:17:46 UTC
2026-04-23,415,145,2026-04-23 09:25:37 UTC
2026-04-24,491,168,2026-04-24 09:28:39 UTC
2026-04-25,507,179,2026-04-25 08:50:14 UTC
2026-04-26,507,179,2026-04-26 08:58:03 UTC
2026-04-27,536,195,2026-04-27 10:12:00 UTC
2026-04-28,568,203,2026-04-28 10:11:02 UTC
2026-04-29,568,203,2026-04-29 10:02:45 UTC
2026-04-30,585,209,2026-04-30 10:04:14 UTC
2026-05-01,583,206,2026-05-01 09:43:28 UTC
2026-05-02,610,217,2026-05-02 09:03:30 UTC
2026-05-03,621,220,2026-05-03 09:20:15 UTC
2026-05-04,622,219,2026-05-04 10:11:08 UTC
2026-05-05,621,216,2026-05-05 09:59:51 UTC
2026-05-06,632,219,2026-05-06 10:14:21 UTC
2026-05-07,620,219,2026-05-07 10:22:14 UTC
2026-05-08,531,193,2026-05-08 09:17:21 UTC
2026-05-09,495,176,2026-05-09 09:17:03 UTC
2026-05-10,463,156,2026-05-10 09:26:32 UTC
2026-05-11,449,151,2026-05-11 10:58:50 UTC
2026-05-12,420,145,2026-05-12 10:29:02 UTC
2026-05-13,423,151,2026-05-13 10:24:01 UTC
2026-05-14,408,148,2026-05-14 10:12:33 UTC
2026-05-15,389,144,2026-05-15 10:20:35 UTC
2026-05-16,341,130,2026-05-16 09:27:20 UTC
2026-05-17,323,126,2026-05-17 09:44:25 UTC
2026-05-18,323,132,2026-05-18 11:41:52 UTC
2026-05-19,309,135,2026-05-19 11:14:46 UTC
2026-05-20,271,126,2026-05-20 10:47:44 UTC
2026-05-21,249,120,2026-05-21 11:19:58 UTC
2026-05-22,252,117,2026-05-22 10:47:32 UTC
2026-05-23,241,114,2026-05-23 09:49:32 UTC
2026-05-24,224,104,2026-05-24 09:51:46 UTC
2026-05-25,226,106,2026-05-25 11:51:14 UTC
2026-05-27,230,104,2026-05-27 11:35:44 UTC
2026-05-28,222,103,2026-05-28 11:36:10 UTC
2026-05-29,224,107,2026-05-29 11:25:53 UTC
2026-05-30,246,116,2026-05-30 09:58:01 UTC
2026-05-31,254,119,2026-05-31 10:12:59 UTC
2026-06-01,258,118,2026-06-01 13:33:17 UTC
2026-06-02,267,114,2026-06-02 12:02:04 UTC
2026-06-03,279,116,2026-06-03 12:39:19 UTC
2026-06-04,279,114,2026-06-04 10:58:23 UTC
2026-06-05,271,109,2026-06-05 11:25:50 UTC
2026-06-06,290,115,2026-06-06 10:01:00 UTC
2026-06-07,282,113,2026-06-07 10:26:23 UTC
2026-06-08,285,110,2026-06-08 12:25:43 UTC
2026-06-09,285,110,2026-06-09 10:57:55 UTC
2026-06-10,273,103,2026-06-10 11:36:43 UTC
2026-06-11,307,110,2026-06-11 12:07:29 UTC
2026-06-12,307,110,2026-06-12 11:41:36 UTC
2026-06-13,305,113,2026-06-13 10:26:11 UTC
2026-06-14,310,112,2026-06-14 10:46:57 UTC
2026-06-15,318,111,2026-06-15 13:51:57 UTC
2026-06-16,332,116,2026-06-16 12:50:40 UTC
2026-06-17,333,117,2026-06-17 12:13:44 UTC
2026-06-18,345,125,2026-06-18 11:48:25 UTC
2026-06-19,365,132,2026-06-19 12:03:32 UTC
2026-06-20,371,138,2026-06-20 10:30:24 UTC
2026-06-21,416,154,2026-06-21 11:13:23 UTC
2026-06-22,445,163,2026-06-22 13:32:20 UTC
2026-06-23,470,171,2026-06-23 11:13:19 UTC
2026-06-24,496,180,2026-06-24 10:45:52 UTC
2026-06-25,516,187,2026-06-25 10:38:56 UTC
2026-06-26,549,194,2026-06-26 10:48:22 UTC
2026-06-27,533,186,2026-06-27 10:04:59 UTC
2026-06-28,520,182,2026-06-28 10:25:20 UTC
2026-06-29,502,178,2026-06-29 12:28:39 UTC
2026-06-30,489,174,2026-06-30 10:54:29 UTC
2026-07-01,486,173,2026-07-01 11:20:55 UTC
2026-07-02,469,165,2026-07-02 10:34:51 UTC
2026-07-03,445,158,2026-07-03 10:32:32 UTC
2026-07-04,431,151,2026-07-04 10:06:54 UTC
2026-07-05,409,141,2026-07-05 10:09:09 UTC
2026-07-06,377,135,2026-07-06 12:01:44 UTC
2026-07-07,340,122,2026-07-07 10:52:19 UTC
2026-07-08,305,113,2026-07-08 10:13:22 UTC
2026-07-09,277,104,2026-07-09 10:51:14 UTC
2026-07-10,239,95,2026-07-10 10:50:03 UTC
2026-07-11,242,94,2026-07-11 09:25:16 UTC
2026-07-12,231,90,2026-07-12 09:48:03 UTC
2026-07-13,216,84,2026-07-13 10:57:13 UTC
2026-07-14,213,78,2026-07-14 09:55:05 UTC
2026-07-15,201,74,2026-07-15 09:59:25 UTC
2026-07-16,214,77,2026-07-16 10:05:45 UTC
