date,total_clones_14d,unique_cloners_14d,last_updated
2026-03-15,379,113,2026-03-15 17:40:03 UTC
2026-03-16,398,114,2026-03-16 08:54:11 UTC
2026-03-17,414,119,2026-03-17 08:51:50 UTC
2026-03-18,379,104,2026-03-18 08:45:07 UTC
2026-03-19,258,40,2026-03-19 08:39:13 UTC
2026-03-20,245,39,2026-03-20 08:37:42 UTC
2026-03-21,209,50,2026-03-21 08:30:03 UTC
2026-03-22,197,56,2026-03-22 08:31:50 UTC
2026-03-23,208,55,2026-03-23 08:52:34 UTC
2026-03-24,204,61,2026-03-24 08:51:05 UTC
2026-03-25,212,66,2026-03-25 08:48:50 UTC
2026-03-26,210,65,2026-03-26 08:52:51 UTC
2026-03-27,217,71,2026-03-27 08:50:12 UTC
2026-03-28,243,82,2026-03-28 08:36:08 UTC
2026-03-29,262,88,2026-03-29 08:37:05 UTC
2026-03-30,267,97,2026-03-30 09:09:11 UTC
2026-03-31,272,101,2026-03-31 08:56:50 UTC
2026-04-01,264,104,2026-04-01 09:01:07 UTC
2026-04-02,259,110,2026-04-02 08:53:35 UTC
2026-04-03,264,114,2026-04-03 08:51:32 UTC
2026-04-04,253,109,2026-04-04 08:38:15 UTC
2026-04-05,253,110,2026-04-05 08:40:00 UTC
2026-04-06,257,116,2026-04-06 09:06:12 UTC
2026-04-07,257,118,2026-04-07 08:59:14 UTC
2026-04-08,258,114,2026-04-08 08:58:16 UTC
2026-04-09,269,121,2026-04-09 09:04:38 UTC
2026-04-10,286,124,2026-04-10 09:06:12 UTC
2026-04-11,299,126,2026-04-11 08:40:21 UTC
2026-04-12,313,134,2026-04-12 08:44:02 UTC
2026-04-13,320,135,2026-04-13 09:52:33 UTC
2026-04-14,305,129,2026-04-14 09:15:31 UTC
2026-04-15,305,124,2026-04-15 09:16:50 UTC
2026-04-16,304,121,2026-04-16 09:16:33 UTC
2026-04-17,324,127,2026-04-17 09:15:04 UTC
2026-04-18,338,129,2026-04-18 08:45:59 UTC
