date,total_views_14d,unique_visitors_14d,last_updated
2026-03-15,169,17,2026-03-15 17:40:16 UTC
2026-03-16,186,15,2026-03-16 08:54:22 UTC
2026-03-17,186,15,2026-03-17 08:52:00 UTC
2026-03-18,156,14,2026-03-18 08:45:20 UTC
2026-03-19,36,14,2026-03-19 08:39:26 UTC
2026-03-20,40,17,2026-03-20 08:37:56 UTC
2026-03-21,39,19,2026-03-21 08:30:14 UTC
2026-03-22,39,19,2026-03-22 08:32:01 UTC
2026-03-23,45,21,2026-03-23 08:52:45 UTC
2026-03-24,50,23,2026-03-24 08:51:18 UTC
2026-03-25,58,24,2026-03-25 08:49:02 UTC
2026-03-26,58,23,2026-03-26 08:53:08 UTC
2026-03-27,58,23,2026-03-27 08:50:25 UTC
2026-03-28,58,23,2026-03-28 08:36:20 UTC
2026-03-29,58,23,2026-03-29 08:37:18 UTC
2026-03-30,41,22,2026-03-30 09:09:21 UTC
2026-03-31,42,23,2026-03-31 08:57:03 UTC
2026-04-01,40,22,2026-04-01 09:01:20 UTC
2026-04-02,41,24,2026-04-02 08:53:49 UTC
2026-04-03,38,21,2026-04-03 08:51:41 UTC
2026-04-04,38,20,2026-04-04 08:38:26 UTC
2026-04-05,38,20,2026-04-05 08:40:11 UTC
2026-04-06,41,20,2026-04-06 09:06:22 UTC
2026-04-07,36,18,2026-04-07 08:59:29 UTC
2026-04-08,30,19,2026-04-08 08:58:29 UTC
2026-04-09,30,19,2026-04-09 09:04:53 UTC
2026-04-10,32,20,2026-04-10 09:06:25 UTC
2026-04-11,36,24,2026-04-11 08:40:33 UTC
2026-04-12,36,24,2026-04-12 08:44:15 UTC
2026-04-13,34,23,2026-04-13 09:52:44 UTC
2026-04-14,42,25,2026-04-14 09:15:41 UTC
