date,total_views_14d,unique_visitors_14d,last_updated
2026-03-15,169,17,2026-03-15 17:40:16 UTC
2026-03-16,186,15,2026-03-16 08:54:22 UTC
2026-03-17,186,15,2026-03-17 08:52:00 UTC
2026-03-18,156,14,2026-03-18 08:45:20 UTC
2026-03-19,36,14,2026-03-19 08:39:26 UTC
2026-03-20,40,17,2026-03-20 08:37:56 UTC
2026-03-21,39,19,2026-03-21 08:30:14 UTC
2026-03-22,39,19,2026-03-22 08:32:01 UTC
2026-03-23,45,21,2026-03-23 08:52:45 UTC
2026-03-24,50,23,2026-03-24 08:51:18 UTC
2026-03-25,58,24,2026-03-25 08:49:02 UTC
2026-03-26,58,23,2026-03-26 08:53:08 UTC
2026-03-27,58,23,2026-03-27 08:50:25 UTC
2026-03-28,58,23,2026-03-28 08:36:20 UTC
2026-03-29,58,23,2026-03-29 08:37:18 UTC
2026-03-30,41,22,2026-03-30 09:09:21 UTC
2026-03-31,42,23,2026-03-31 08:57:03 UTC
2026-04-01,40,22,2026-04-01 09:01:20 UTC
2026-04-02,41,24,2026-04-02 08:53:49 UTC
2026-04-03,38,21,2026-04-03 08:51:41 UTC
2026-04-04,38,20,2026-04-04 08:38:26 UTC
2026-04-05,38,20,2026-04-05 08:40:11 UTC
2026-04-06,41,20,2026-04-06 09:06:22 UTC
2026-04-07,36,18,2026-04-07 08:59:29 UTC
2026-04-08,30,19,2026-04-08 08:58:29 UTC
2026-04-09,30,19,2026-04-09 09:04:53 UTC
2026-04-10,32,20,2026-04-10 09:06:25 UTC
2026-04-11,36,24,2026-04-11 08:40:33 UTC
2026-04-12,36,24,2026-04-12 08:44:15 UTC
2026-04-13,34,23,2026-04-13 09:52:44 UTC
2026-04-14,42,25,2026-04-14 09:15:41 UTC
2026-04-15,44,26,2026-04-15 09:17:04 UTC
2026-04-16,43,25,2026-04-16 09:16:43 UTC
2026-04-17,49,29,2026-04-17 09:15:15 UTC
2026-04-18,53,33,2026-04-18 08:46:08 UTC
2026-04-19,53,33,2026-04-19 08:52:14 UTC
2026-04-20,45,32,2026-04-20 09:56:23 UTC
2026-04-21,47,34,2026-04-21 09:23:35 UTC
2026-04-22,45,32,2026-04-22 09:17:58 UTC
2026-04-23,48,34,2026-04-23 09:25:50 UTC
2026-04-24,50,33,2026-04-24 09:28:52 UTC
2026-04-25,51,29,2026-04-25 08:50:23 UTC
2026-04-26,51,29,2026-04-26 08:58:12 UTC
2026-04-27,52,30,2026-04-27 10:12:12 UTC
2026-04-28,42,27,2026-04-28 10:11:17 UTC
2026-04-29,42,27,2026-04-29 10:03:02 UTC
2026-04-30,38,23,2026-04-30 10:04:32 UTC
2026-05-01,30,18,2026-05-01 09:43:40 UTC
2026-05-02,25,14,2026-05-02 09:03:39 UTC
2026-05-03,26,15,2026-05-03 09:20:30 UTC
2026-05-04,26,15,2026-05-04 10:11:29 UTC
2026-05-05,25,14,2026-05-05 10:00:04 UTC
2026-05-06,24,15,2026-05-06 10:14:40 UTC
2026-05-07,21,14,2026-05-07 10:22:33 UTC
2026-05-08,19,14,2026-05-08 09:17:34 UTC
2026-05-09,13,13,2026-05-09 09:17:14 UTC
2026-05-10,13,13,2026-05-10 09:26:44 UTC
2026-05-11,14,14,2026-05-11 10:59:04 UTC
2026-05-12,44,18,2026-05-12 10:29:16 UTC
2026-05-13,44,18,2026-05-13 10:24:19 UTC
2026-05-14,43,17,2026-05-14 10:12:44 UTC
2026-05-15,44,18,2026-05-15 10:20:47 UTC
2026-05-16,43,17,2026-05-16 09:27:30 UTC
2026-05-17,43,17,2026-05-17 09:44:38 UTC
2026-05-18,42,16,2026-05-18 11:42:06 UTC
2026-05-19,43,16,2026-05-19 11:14:59 UTC
2026-05-20,43,16,2026-05-20 10:47:56 UTC
2026-05-21,50,15,2026-05-21 11:20:12 UTC
2026-05-22,49,13,2026-05-22 10:47:46 UTC
2026-05-23,49,13,2026-05-23 09:49:44 UTC
2026-05-24,49,13,2026-05-24 09:51:57 UTC
2026-05-25,47,11,2026-05-25 11:51:27 UTC
2026-05-27,22,11,2026-05-27 11:35:59 UTC
2026-05-28,27,15,2026-05-28 11:36:24 UTC
2026-05-29,32,18,2026-05-29 11:26:05 UTC
2026-05-30,32,18,2026-05-30 09:58:16 UTC
2026-05-31,31,18,2026-05-31 10:13:10 UTC
2026-06-01,31,18,2026-06-01 13:33:47 UTC
2026-06-02,31,18,2026-06-02 12:02:21 UTC
2026-06-03,31,18,2026-06-03 12:39:34 UTC
2026-06-04,24,19,2026-06-04 10:58:36 UTC
2026-06-05,24,20,2026-06-05 11:26:03 UTC
2026-06-06,25,21,2026-06-06 10:01:12 UTC
2026-06-07,30,23,2026-06-07 10:26:36 UTC
2026-06-08,30,23,2026-06-08 12:25:58 UTC
2026-06-09,30,23,2026-06-09 10:58:10 UTC
2026-06-10,29,23,2026-06-10 11:36:55 UTC
2026-06-11,22,18,2026-06-11 12:07:44 UTC
2026-06-12,22,18,2026-06-12 11:41:49 UTC
2026-06-13,16,13,2026-06-13 10:26:25 UTC
2026-06-14,23,15,2026-06-14 10:47:11 UTC
2026-06-15,24,16,2026-06-15 13:52:13 UTC
2026-06-16,22,14,2026-06-16 12:51:01 UTC
2026-06-17,24,15,2026-06-17 12:14:13 UTC
2026-06-18,25,15,2026-06-18 11:48:36 UTC
2026-06-19,28,16,2026-06-19 12:03:45 UTC
2026-06-20,30,17,2026-06-20 10:30:35 UTC
2026-06-21,28,16,2026-06-21 11:13:38 UTC
2026-06-22,31,17,2026-06-22 13:32:35 UTC
2026-06-23,36,18,2026-06-23 11:13:34 UTC
2026-06-24,46,22,2026-06-24 10:46:02 UTC
2026-06-25,49,23,2026-06-25 10:39:08 UTC
2026-06-26,53,25,2026-06-26 10:48:32 UTC
2026-06-27,55,27,2026-06-27 10:05:10 UTC
2026-06-28,49,25,2026-06-28 10:25:34 UTC
2026-06-29,49,24,2026-06-29 12:28:55 UTC
2026-06-30,57,29,2026-06-30 10:54:39 UTC
2026-07-01,55,28,2026-07-01 11:21:10 UTC
2026-07-02,53,26,2026-07-02 10:35:03 UTC
2026-07-03,62,30,2026-07-03 10:32:45 UTC
2026-07-04,59,29,2026-07-04 10:07:09 UTC
2026-07-05,57,29,2026-07-05 10:09:21 UTC
2026-07-06,54,28,2026-07-06 12:01:56 UTC
2026-07-07,49,27,2026-07-07 10:52:33 UTC
2026-07-08,39,22,2026-07-08 10:13:35 UTC
2026-07-09,36,21,2026-07-09 10:51:27 UTC
2026-07-10,32,19,2026-07-10 10:50:15 UTC
2026-07-11,30,17,2026-07-11 09:25:26 UTC
2026-07-12,31,19,2026-07-12 09:48:15 UTC
2026-07-13,30,19,2026-07-13 10:57:26 UTC
2026-07-14,24,17,2026-07-14 09:55:21 UTC
2026-07-15,23,16,2026-07-15 09:59:40 UTC
2026-07-16,21,15,2026-07-16 10:05:58 UTC
2026-07-17,8,8,2026-07-17 09:54:12 UTC
2026-07-18,8,8,2026-07-18 09:21:32 UTC
2026-07-19,7,7,2026-07-19 09:49:14 UTC
2026-07-20,8,8,2026-07-20 10:48:57 UTC
2026-07-21,7,7,2026-07-21 10:22:33 UTC
2026-07-22,26,9,2026-07-22 10:22:37 UTC
